rank,team_id,team_display_name,track,policy_capability_score,policy_capability_score_label,metric_algorithm,avg_dist_between_incidents_at_fault,avg_dist_between_incidents_at_fault_label,legacy_score,legacy_score_metric,dist_to_gt_trajectory,dist_to_gt_trajectory_label,score,best_score,image_tag,submission_id,status,failure_code,evaluation_backend,submitted_at
1,team-alphamale,ILoveAlpamayo,pai,1633.3703225407266,Policy Capability Score,zoib,0.4353683498052651,Average Distance Between At-Fault Incidents,0.4353683498052651,avg_dist_between_incidents_at_fault,2.822732000577381,Distance to GT Trajectory,1633.3703225407266,1633.3703225407266,baseline-k5-medoid,6f8a7bc0-42b2-49c1-895e-1ae613e400ef,SUCCEEDED,,direct-p5,2026-07-31T15:05:36+00:00
2,team-andrew-fox,Team Andrew S,pai,1653.9336745432634,Policy Capability Score,zoib,0.45478588549854737,Average Distance Between At-Fault Incidents,0.45478588549854737,avg_dist_between_incidents_at_fault,2.8472363191345615,Distance to GT Trajectory,1653.9336745432634,1653.9336745432634,v1-leadguard,71b4850a-a032-4a3d-a2b9-26672a7b1d6e,SUCCEEDED,,direct-p5,2026-08-04T03:25:39+00:00
3,lastga,lastGA,pai,1606.5629846100087,Policy Capability Score,zoib,0.4286537624653514,Average Distance Between At-Fault Incidents,0.4286537624653514,avg_dist_between_incidents_at_fault,2.823171574216488,Distance to GT Trajectory,1606.5629846100087,1606.5629846100087,vavam-b-139k-deterministic-baseline-20260720,c4b08c37-9340-4793-bcd2-96a2f0bb3c00,SUCCEEDED,,direct-p5,2026-07-24T10:50:37+00:00
4,team-alphamale,ILoveAlpamayo,pai,1613.4719420550882,Policy Capability Score,zoib,0.4128818477767571,Average Distance Between At-Fault Incidents,0.4128818477767571,avg_dist_between_incidents_at_fault,2.86550684623073,Distance to GT Trajectory,1613.4719420550882,1613.4719420550882,im-so-done-with-alpamayo,87b245f3-0122-4402-a1e2-330bddabe7f7,SUCCEEDED,,direct-p5,2026-08-19T04:02:44+00:00
5,fyrian-migu,Fyrian-Migu,pai,1604.367467246791,Policy Capability Score,zoib,0.3440061654430554,Average Distance Between At-Fault Incidents,0.3440061654430554,avg_dist_between_incidents_at_fault,2.7799939907614926,Distance to GT Trajectory,1604.367467246791,1604.367467246791,p9-apf-cg-submit2-20260729-130419,355b0e61-ff54-4e2d-9839-9bcdddda1f1f,SUCCEEDED,,direct-p5,2026-07-29T04:28:36+00:00
6,alpain-autonomy,Alpain Autonomy,pai,1605.8696986092714,Policy Capability Score,zoib,0.5064144181653008,Average Distance Between At-Fault Incidents,0.5064144181653008,avg_dist_between_incidents_at_fault,2.8248467137101,Distance to GT Trajectory,1605.8696986092714,1605.8696986092714,abc-v1,f79da270-918c-43cc-93d4-2c0d54be9040,SUCCEEDED,,direct-p5,2026-08-09T22:29:07+00:00
7,team-alphamale,ILoveAlpamayo,pai,1596.8936721497494,Policy Capability Score,zoib,0.3900771969598458,Average Distance Between At-Fault Incidents,0.3900771969598458,avg_dist_between_incidents_at_fault,2.7190913273348456,Distance to GT Trajectory,1596.8936721497494,1596.8936721497494,ihatealpamayo_v1,2e811c65-319d-4708-b6cd-af8b8dd65d3e,SUCCEEDED,,direct-p5,2026-08-20T06:24:08+00:00
8,host,Host,pai,1600,Policy Capability Score,zoib,0.38794912710724744,Average Distance Between At-Fault Incidents,0.38794912710724744,avg_dist_between_incidents_at_fault,2.789016587810132,Distance to GT Trajectory,1600,1600,policy1,9e7cb1c7-ee2b-4dab-90be-ac8bd073925a,SUCCEEDED,,direct-p5,2026-06-15T22:57:07+00:00
9,magma,Team Magma,pai,1597.4262301731933,Policy Capability Score,zoib,0.356897480922526,Average Distance Between At-Fault Incidents,0.356897480922526,avg_dist_between_incidents_at_fault,2.7593127591290743,Distance to GT Trajectory,1597.4262301731933,1597.4262301731933,v4EMA,31dd94ee-2735-4eb8-adb9-f02b73e09709,SUCCEEDED,,direct-p5,2026-07-27T03:02:37+00:00
10,fyrian-migu,Fyrian-Migu,pai,1596.7605326438884,Policy Capability Score,zoib,0.33019772166832495,Average Distance Between At-Fault Incidents,0.33019772166832495,avg_dist_between_incidents_at_fault,2.757916384336898,Distance to GT Trajectory,1596.7605326438884,1596.7605326438884,p10-ors10-context-risk-v3-20260731-162428,20ab92af-3687-4a67-ae7c-9b22dfe35226,SUCCEEDED,,direct-p5,2026-07-31T11:32:35+00:00
11,team-andrew-fox,Team Andrew S,pai,1601.1846288583567,Policy Capability Score,zoib,0.38290854873613916,Average Distance Between At-Fault Incidents,0.38290854873613916,avg_dist_between_incidents_at_fault,2.887816091485013,Distance to GT Trajectory,1601.1846288583567,1601.1846288583567,v1-k5medoid,0eccb744-a7a3-457a-9edb-d7c271636eb1,SUCCEEDED,,direct-p5,2026-08-05T05:07:37+00:00
12,metamon,메타몽,pai,1580.375549579902,Policy Capability Score,zoib,0.3733571059391419,Average Distance Between At-Fault Incidents,0.3733571059391419,avg_dist_between_incidents_at_fault,2.736571126380633,Distance to GT Trajectory,1580.375549579902,1580.375549579902,vavam-raw-cudagraph-v5-20260715,71c76269-18fd-4014-9cc9-8cf1b8ac7243,SUCCEEDED,,direct-p5,2026-07-15T05:51:35+00:00
13,foxconn-eason,foxconn-eason,pai,1581.7497793704727,Policy Capability Score,zoib,0.35226582082636654,Average Distance Between At-Fault Incidents,0.35226582082636654,avg_dist_between_incidents_at_fault,2.687167623543533,Distance to GT Trajectory,1581.7497793704727,1581.7497793704727,baseline-v1,202df3a2-acff-4a92-880d-c04c8f5ffc77,SUCCEEDED,,direct-p5,2026-07-28T04:05:37+00:00
14,alpain-autonomy,Alpain Autonomy,pai,1581.694434886283,Policy Capability Score,zoib,0.545367830200793,Average Distance Between At-Fault Incidents,0.545367830200793,avg_dist_between_incidents_at_fault,2.88578511749149,Distance to GT Trajectory,1581.694434886283,1581.694434886283,abc-v11,7c0064af-3113-497a-8fd0-97f9d3d9a904,SUCCEEDED,,direct-p5,2026-08-27T12:48:39+00:00
15,metamon,메타몽,pai,1575.6999179902668,Policy Capability Score,zoib,0.38564936228197616,Average Distance Between At-Fault Incidents,0.38564936228197616,avg_dist_between_incidents_at_fault,2.850494289022641,Distance to GT Trajectory,1575.6999179902668,1575.6999179902668,vavam-noblend-k5medoid-v22-20260829,90b7fd05-af78-4a28-b7bf-bc6791f94a20,SUCCEEDED,,direct-p5,2026-08-28T23:31:08+00:00
16,fyrian-migu,Fyrian-Migu,pai,1579.6038542393037,Policy Capability Score,zoib,0.37177473135807326,Average Distance Between At-Fault Incidents,0.37177473135807326,avg_dist_between_incidents_at_fault,2.771267107121273,Distance to GT Trajectory,1579.6038542393037,1579.6038542393037,p12-p9-one-shot-cg-v1-20260731-232330,f172386a-85cc-4632-a38c-245239d95a3f,SUCCEEDED,,direct-p5,2026-07-31T17:09:35+00:00
17,metamon,메타몽,pai,1579.5955330201873,Policy Capability Score,zoib,0.3574091224570655,Average Distance Between At-Fault Incidents,0.3574091224570655,avg_dist_between_incidents_at_fault,2.738586652409974,Distance to GT Trajectory,1579.5955330201873,1579.5955330201873,vavam-noblend-k16medoid-v23-20260829,0db9895f-647b-4d6c-8522-05370f21d7da,SUCCEEDED,,direct-p5,2026-08-29T01:09:40+00:00
18,teampeter123456,Team peter,pai,1572.5090376182573,Policy Capability Score,zoib,0.35293713655017606,Average Distance Between At-Fault Incidents,0.35293713655017606,avg_dist_between_incidents_at_fault,2.746055389738312,Distance to GT Trajectory,1572.5090376182573,1572.5090376182573,v1-decel-fallback,2499cc17-a937-48a5-bdfc-fc3a70a95782,SUCCEEDED,,direct-p5,2026-07-31T14:48:36+00:00
19,team-rcy,Team RCY,pai,1582.228780017188,Policy Capability Score,zoib,0.3511518035576412,Average Distance Between At-Fault Incidents,0.3511518035576412,avg_dist_between_incidents_at_fault,2.768108819791829,Distance to GT Trajectory,1582.228780017188,1582.228780017188,rc-2,fcb8e283-5861-4751-91cb-6b344de96614,SUCCEEDED,,direct-p5,2026-07-27T03:36:09+00:00
20,team-andrew-fox,Team Andrew S,pai,1558.44600977037,Policy Capability Score,zoib,0.5291289948876576,Average Distance Between At-Fault Incidents,0.5291289948876576,avg_dist_between_incidents_at_fault,2.788222862832313,Distance to GT Trajectory,1558.44600977037,1558.44600977037,v1h-stop40only,ca9c4217-7345-416b-83be-2aa3af20bb01,SUCCEEDED,,direct-p5,2026-08-09T12:15:36+00:00
21,team-aimm-alpha,Team AIMM alpha,pai,1569.4198548302127,Policy Capability Score,zoib,0.3597291534769,Average Distance Between At-Fault Incidents,0.3597291534769,avg_dist_between_incidents_at_fault,2.7182496528295474,Distance to GT Trajectory,1569.4198548302127,1569.4198548302127,vavam-sample-20260804-r1,9a7cd0d8-65b0-4713-b08a-45ec6adf3711,SUCCEEDED,,direct-p5,2026-08-04T19:47:38+00:00
22,alpain-autonomy,Alpain Autonomy,pai,1561.1899457357501,Policy Capability Score,zoib,0.33881470667823155,Average Distance Between At-Fault Incidents,0.33881470667823155,avg_dist_between_incidents_at_fault,2.7286078699584304,Distance to GT Trajectory,1561.1899457357501,1561.1899457357501,vavam-cu128-20260702,0a22587c-c62b-4372-9742-ecb22c3cfda6,SUCCEEDED,,direct-p5,2026-07-02T16:24:08+00:00
23,team-alxpng,Team Alex,pai,1568.9748650723686,Policy Capability Score,zoib,0.3385894675208494,Average Distance Between At-Fault Incidents,0.3385894675208494,avg_dist_between_incidents_at_fault,2.7274107013005797,Distance to GT Trajectory,1568.9748650723686,1568.9748650723686,vavam-baseline-v1,2277ef94-8f8a-45b9-a6df-347c4d9d792e,SUCCEEDED,,direct-p5,2026-07-16T04:18:38+00:00
24,team-rcy,Team RCY,pai,1556.4615386289008,Policy Capability Score,zoib,0.3675545547152631,Average Distance Between At-Fault Incidents,0.3675545547152631,avg_dist_between_incidents_at_fault,2.655996486368215,Distance to GT Trajectory,1556.4615386289008,1556.4615386289008,rc-3,e3221e61-5f01-414e-80ca-a74358db549a,SUCCEEDED,,direct-p5,2026-07-30T04:58:05+00:00
25,team-basiclab,BASICLAB,pai,1549.915308151341,Policy Capability Score,zoib,0.33977176116248325,Average Distance Between At-Fault Incidents,0.33977176116248325,avg_dist_between_incidents_at_fault,2.759553041272355,Distance to GT Trajectory,1549.915308151341,1549.915308151341,vavam-sample-v1,527d67e6-d096-4578-941f-2b11c2a1ec14,SUCCEEDED,,direct-p5,2026-07-15T05:34:37+00:00
26,metamon,메타몽,pai,1535.762980777501,Policy Capability Score,zoib,0.33475538754775347,Average Distance Between At-Fault Incidents,0.33475538754775347,avg_dist_between_incidents_at_fault,2.8327234363574374,Distance to GT Trajectory,1535.762980777501,1535.762980777501,vavam-causal-speed-v7d-20260715,4f81ec61-088a-401a-a7cb-8857851daf58,SUCCEEDED,,direct-p5,2026-07-15T14:21:35+00:00
27,foxconn-eason,foxconn-eason,pai,1510.329928484462,Policy Capability Score,zoib,0.3671125218721019,Average Distance Between At-Fault Incidents,0.3671125218721019,avg_dist_between_incidents_at_fault,2.7094024712049323,Distance to GT Trajectory,1510.329928484462,1510.329928484462,tl-v1,513d8e9d-9d67-492f-a810-9902d9396e81,SUCCEEDED,,direct-p5,2026-07-28T03:37:38+00:00
28,foxconn-eason,foxconn-eason,pai,1521.78003768272,Policy Capability Score,zoib,0.37061775064066027,Average Distance Between At-Fault Incidents,0.37061775064066027,avg_dist_between_incidents_at_fault,2.4059230883468072,Distance to GT Trajectory,1521.78003768272,1521.78003768272,tl-gt-deadband-1p5,09998e09-0ce7-4155-9c0f-c1e870d9e7e1,SUCCEEDED,,direct-p5,2026-07-29T04:09:38+00:00
29,alpain-autonomy,Alpain Autonomy,pai,1478.6733861519383,Policy Capability Score,zoib,0.34360363570481567,Average Distance Between At-Fault Incidents,0.34360363570481567,avg_dist_between_incidents_at_fault,2.645225293218878,Distance to GT Trajectory,1478.6733861519383,1478.6733861519383,redacted-v1,427733ad-0fe1-4777-8593-b789273b5352,SUCCEEDED,,direct-p5,2026-08-06T08:43:08+00:00
30,fox-srdc,Fox SRDC,pai,1432.5155278666628,Policy Capability Score,zoib,0.36891819058007735,Average Distance Between At-Fault Incidents,0.36891819058007735,avg_dist_between_incidents_at_fault,2.492336817739821,Distance to GT Trajectory,1432.5155278666628,1432.5155278666628,fox-driver-s,4d465533-52b4-43b3-80a1-37b8d21781bc,SUCCEEDED,,direct-p5,2026-07-14T03:29:39+00:00
31,fox-srdc,Fox SRDC,pai,1448.2496687321159,Policy Capability Score,zoib,0.4334911947603406,Average Distance Between At-Fault Incidents,0.4334911947603406,avg_dist_between_incidents_at_fault,2.600601191141932,Distance to GT Trajectory,1448.2496687321159,1448.2496687321159,fox-driver-async-ema,1cddedd9-01b1-4766-bdfc-bc6281b1c268,SUCCEEDED,,direct-p5,2026-08-19T08:54:07+00:00
32,teampeter123456,Team peter,pai,1420.9855573037316,Policy Capability Score,zoib,0.3097247084604214,Average Distance Between At-Fault Incidents,0.3097247084604214,avg_dist_between_incidents_at_fault,2.7538123269508548,Distance to GT Trajectory,1420.9855573037316,1420.9855573037316,object,6d84a819-f672-42be-952a-1626f1061d5f,SUCCEEDED,,direct-p5,2026-08-14T10:53:08+00:00
33,teampeter123456,Team peter,pai,1426.5038938319947,Policy Capability Score,zoib,0.30627066850481993,Average Distance Between At-Fault Incidents,0.30627066850481993,avg_dist_between_incidents_at_fault,2.642730213618813,Distance to GT Trajectory,1426.5038938319947,1426.5038938319947,v3,f9cc63be-60b4-43b5-be2d-b9e20307ac0f,SUCCEEDED,,direct-p5,2026-08-28T10:43:08+00:00
34,fox-srdc,Fox SRDC,pai,1404.5645249314261,Policy Capability Score,zoib,0.3178334360567652,Average Distance Between At-Fault Incidents,0.3178334360567652,avg_dist_between_incidents_at_fault,2.767003647456946,Distance to GT Trajectory,1404.5645249314261,1404.5645249314261,fox-driver-async-k5,cb73400d-66bf-44a9-a6ca-af613640e1b8,SUCCEEDED,,direct-p5,2026-08-12T08:20:38+00:00
35,alpain-autonomy,Alpain Autonomy,pai,1390.0031733373992,Policy Capability Score,zoib,0.5723468695185446,Average Distance Between At-Fault Incidents,0.5723468695185446,avg_dist_between_incidents_at_fault,2.601578321254207,Distance to GT Trajectory,1390.0031733373992,1390.0031733373992,abc-v2,1aacc33e-a28f-4105-9c87-06955f995b71,SUCCEEDED,,direct-p5,2026-08-10T07:11:37+00:00
36,team-cmlab,CMLAB,pai,1397.4899808106427,Policy Capability Score,zoib,0.26893186698019395,Average Distance Between At-Fault Incidents,0.26893186698019395,avg_dist_between_incidents_at_fault,2.89752836975473,Distance to GT Trajectory,1397.4899808106427,1397.4899808106427,base4w-v1,88c1731f-80dd-4158-861d-f47d32cd9e3a,SUCCEEDED,,direct-p5,2026-08-18T05:41:09+00:00
37,team-andrew-fox,Team Andrew S,pai,1388.657537266208,Policy Capability Score,zoib,0.3838963738668355,Average Distance Between At-Fault Incidents,0.3838963738668355,avg_dist_between_incidents_at_fault,3.020885008919629,Distance to GT Trajectory,1388.657537266208,1388.657537266208,v2b-g16b06,9f302592-5bf6-489d-968d-e00f93af55f9,SUCCEEDED,,direct-p5,2026-08-04T01:51:38+00:00
38,fox-srdc,Fox SRDC,pai,1363.4740936231044,Policy Capability Score,zoib,0.2969244686775922,Average Distance Between At-Fault Incidents,0.2969244686775922,avg_dist_between_incidents_at_fault,2.815028117267499,Distance to GT Trajectory,1363.4740936231044,1363.4740936231044,fox-driver-async,e6cbd675-580e-4234-9427-b6ad32041052,SUCCEEDED,,direct-p5,2026-08-11T03:31:38+00:00
39,team-andrew-fox,Team Andrew S,pai,1339.4199902012758,Policy Capability Score,zoib,0.3598836695157239,Average Distance Between At-Fault Incidents,0.3598836695157239,avg_dist_between_incidents_at_fault,2.589278050046056,Distance to GT Trajectory,1339.4199902012758,1339.4199902012758,v1b-band10,abfcb08f-bdfc-46ba-9f8b-3706a40016d1,SUCCEEDED,,direct-p5,2026-08-05T16:22:08+00:00
40,rick-g-ntu,Rick G NTU,pai,1342.2778821908628,Policy Capability Score,zoib,0.32283268398593024,Average Distance Between At-Fault Incidents,0.32283268398593024,avg_dist_between_incidents_at_fault,2.7832473003555394,Distance to GT Trajectory,1342.2778821908628,1342.2778821908628,ensemble-e11-v2,97e2037e-f35c-41ef-acdf-8dcd24b765c4,SUCCEEDED,,direct-p5,2026-07-31T17:44:35+00:00
41,magma,Team Magma,pai,1339.1641266752263,Policy Capability Score,zoib,0.44802026634867476,Average Distance Between At-Fault Incidents,0.44802026634867476,avg_dist_between_incidents_at_fault,2.253198943764232,Distance to GT Trajectory,1339.1641266752263,1339.1641266752263,ANNA-4a1a08f,7bddd523-45ac-46e1-ae85-e92430113bf5,SUCCEEDED,,direct-p5,2026-07-31T17:27:07+00:00
42,fox-srdc,Fox SRDC,pai,1348.1782408625158,Policy Capability Score,zoib,0.33468091969399194,Average Distance Between At-Fault Incidents,0.33468091969399194,avg_dist_between_incidents_at_fault,2.3313763346422074,Distance to GT Trajectory,1348.1782408625158,1348.1782408625158,fox-driver-async-ema-v2,44ed657b-d65c-43ba-bee0-8f309be81c80,SUCCEEDED,,direct-p5,2026-08-20T04:06:37+00:00
43,lastga,lastGA,pai,1323.4343977313183,Policy Capability Score,zoib,0.2955364533464206,Average Distance Between At-Fault Incidents,0.2955364533464206,avg_dist_between_incidents_at_fault,2.4776179241455085,Distance to GT Trajectory,1323.4343977313183,1323.4343977313183,vavam-b-139k-speedbound-20260730,7e7daac1-a03a-4151-8090-2788bd76271f,SUCCEEDED,,direct-p5,2026-07-30T05:15:34+00:00
44,team-rcy,Team RCY,pai,1324.0293648981344,Policy Capability Score,zoib,0.3245417028678316,Average Distance Between At-Fault Incidents,0.3245417028678316,avg_dist_between_incidents_at_fault,2.5660410500292397,Distance to GT Trajectory,1324.0293648981344,1324.0293648981344,rc-4,9660f9ed-4acf-4c00-9003-cd2e9e7a3e7f,SUCCEEDED,,direct-p5,2026-08-03T07:55:08+00:00
45,magma,Team Magma,pai,1326.0690967531311,Policy Capability Score,zoib,0.33353256466110576,Average Distance Between At-Fault Incidents,0.33353256466110576,avg_dist_between_incidents_at_fault,2.4713432077884114,Distance to GT Trajectory,1326.0690967531311,1326.0690967531311,ELSA-aa98886,cda26a31-ac4a-4f6d-a8fc-4f115b12b7cd,SUCCEEDED,,direct-p5,2026-07-31T12:01:35+00:00
46,team-alphamale,ILoveAlpamayo,pai,1291.2931304234924,Policy Capability Score,zoib,0.5806140256231951,Average Distance Between At-Fault Incidents,0.5806140256231951,avg_dist_between_incidents_at_fault,2.545357704009422,Distance to GT Trajectory,1291.2931304234924,1291.2931304234924,ilovealpamayo_v2_4frame,0f122965-fdfe-421a-b9a7-a356a6209208,SUCCEEDED,,direct-p5,2026-08-12T07:48:09+00:00
47,rick-g-ntu,Rick G NTU,pai,1292.183696333816,Policy Capability Score,zoib,0.26437704292568176,Average Distance Between At-Fault Incidents,0.26437704292568176,avg_dist_between_incidents_at_fault,2.985507349405944,Distance to GT Trajectory,1292.183696333816,1292.183696333816,ensemble-e11-v3,8eeb3462-c1f7-4e51-9542-b05b17b385fa,SUCCEEDED,,direct-p5,2026-08-12T08:50:37+00:00
48,foxconn-eason,foxconn-eason,pai,1280.2819236482887,Policy Capability Score,zoib,0.3027583217328352,Average Distance Between At-Fault Incidents,0.3027583217328352,avg_dist_between_incidents_at_fault,1.8503525209254243,Distance to GT Trajectory,1280.2819236482887,1280.2819236482887,smooth-gt-v1,934e1ee5-2573-4fc8-bf4b-482c47160651,SUCCEEDED,,direct-p5,2026-08-05T02:29:10+00:00
49,team-zyt,ZYT,pai,1269.99265244031,Policy Capability Score,zoib,0.6493659323990139,Average Distance Between At-Fault Incidents,0.6493659323990139,avg_dist_between_incidents_at_fault,1.9815144344720022,Distance to GT Trajectory,1269.99265244031,1269.99265244031,test-egostate-cur,aa1f3801-fb46-4b74-a0df-13d97afd9285,SUCCEEDED,,direct-p5,2026-08-27T14:17:07+00:00
50,team-alxpng,Team Alex,pai,1255.9996010189514,Policy Capability Score,zoib,0.7033503767475646,Average Distance Between At-Fault Incidents,0.7033503767475646,avg_dist_between_incidents_at_fault,2.2461677691017257,Distance to GT Trajectory,1255.9996010189514,1255.9996010189514,float-like-a-cadillac,814f603c-ff83-47e3-aea8-8cc22f8275b9,SUCCEEDED,,direct-p5,2026-08-18T01:49:10+00:00
51,team-alphamale,ILoveAlpamayo,pai,1268.3186074495657,Policy Capability Score,zoib,0.6948552834522366,Average Distance Between At-Fault Incidents,0.6948552834522366,avg_dist_between_incidents_at_fault,2.478732889612919,Distance to GT Trajectory,1268.3186074495657,1268.3186074495657,never_gonna_give_you_up,297bf12d-d665-4e00-b6a5-42040fc2eadb,SUCCEEDED,,direct-p5,2026-08-27T07:03:10+00:00
52,magma,Team Magma,pai,1253.188006282032,Policy Capability Score,zoib,0.36574388612274644,Average Distance Between At-Fault Incidents,0.36574388612274644,avg_dist_between_incidents_at_fault,1.867388254093166,Distance to GT Trajectory,1253.188006282032,1253.188006282032,3MAX-7c43833,60dcb151-48d4-4618-85dd-b60b136b10a0,SUCCEEDED,,direct-p5,2026-08-05T15:12:38+00:00
53,team-alphamale,ILoveAlpamayo,pai,1256.0696891396963,Policy Capability Score,zoib,0.5013436486117773,Average Distance Between At-Fault Incidents,0.5013436486117773,avg_dist_between_incidents_at_fault,2.6179639751388146,Distance to GT Trajectory,1256.0696891396963,1256.0696891396963,ilovealpamayo_v1,7cea3c8a-c67a-41b1-bc6c-10ae2a9744e0,SUCCEEDED,,direct-p5,2026-08-12T07:13:40+00:00
54,team-foxhihi,Team foxhihi,pai,1250.1691070796105,Policy Capability Score,zoib,0.26837609690894176,Average Distance Between At-Fault Incidents,0.26837609690894176,avg_dist_between_incidents_at_fault,3.0057435718522942,Distance to GT Trajectory,1250.1691070796105,1250.1691070796105,pai-driver-b1p,43a6a632-a407-48db-a148-b988ed0f2a23,SUCCEEDED,,direct-p5,2026-08-05T04:01:10+00:00
55,openpilot-pai,openpilot pai,pai,1223.4705313920406,Policy Capability Score,zoib,1.0455363601097578,Average Distance Between At-Fault Incidents,1.0455363601097578,avg_dist_between_incidents_at_fault,1.2000204636591032,Distance to GT Trajectory,1223.4705313920406,1223.4705313920406,purevision-op0111-20260813-v2,b7314a40-fc9f-421e-815d-c29f4153e9b9,SUCCEEDED,,direct-p5,2026-08-13T16:28:37+00:00
56,team-tmp,tmp,pai,1253.183985290244,Policy Capability Score,zoib,0.807945607948239,Average Distance Between At-Fault Incidents,0.807945607948239,avg_dist_between_incidents_at_fault,2.1616586756703375,Distance to GT Trajectory,1253.183985290244,1253.183985290244,int8-n32-0818,f4e38992-18b7-4aa7-b121-9bbd1051ae08,SUCCEEDED,,direct-p5,2026-08-18T10:34:40+00:00
57,foxconn-eason,foxconn-eason,pai,1243.7762048375125,Policy Capability Score,zoib,0.45602967165394587,Average Distance Between At-Fault Incidents,0.45602967165394587,avg_dist_between_incidents_at_fault,2.0295973992297465,Distance to GT Trajectory,1243.7762048375125,1243.7762048375125,tl_ss_sf_smooth,9c644bb0-3bca-4c02-a485-8ba9041eeeaf,SUCCEEDED,,direct-p5,2026-08-03T08:12:34+00:00
58,alpain-autonomy,Alpain Autonomy,pai,1261.295247203414,Policy Capability Score,zoib,0.29625668550825124,Average Distance Between At-Fault Incidents,0.29625668550825124,avg_dist_between_incidents_at_fault,2.8388859381854,Distance to GT Trajectory,1261.295247203414,1261.295247203414,transfuser-v6,fd965259-95e8-4e73-946f-e43c38885057,SUCCEEDED,,direct-p5,2026-08-01T00:54:37+00:00
59,foxconn-eason,foxconn-eason,pai,1227.788853183648,Policy Capability Score,zoib,0.4032634481426758,Average Distance Between At-Fault Incidents,0.4032634481426758,avg_dist_between_incidents_at_fault,2.085750335085387,Distance to GT Trajectory,1227.788853183648,1227.788853183648,tl-ss-smooth-v1,d419c3bf-80ee-43cb-a950-3ac7d3673d35,SUCCEEDED,,direct-p5,2026-08-04T04:33:39+00:00
60,jongam,Team jongam,pai,1221.5357641768364,Policy Capability Score,zoib,0.7194292685480141,Average Distance Between At-Fault Incidents,0.7194292685480141,avg_dist_between_incidents_at_fault,1.7721546577329828,Distance to GT Trajectory,1221.5357641768364,1221.5357641768364,jm-submit-20260819-v3,97986870-3704-4279-9296-e587d611c5e0,SUCCEEDED,,direct-p5,2026-08-19T09:36:38+00:00
61,foxconn-eason,foxconn-eason,pai,1207.644438262997,Policy Capability Score,zoib,0.42065220698561523,Average Distance Between At-Fault Incidents,0.42065220698561523,avg_dist_between_incidents_at_fault,1.929812751882661,Distance to GT Trajectory,1207.644438262997,1207.644438262997,smooth-brake-holdstop-v1,fdec71a3-a957-49b5-9e92-e7b9e7cc371f,SUCCEEDED,,direct-p5,2026-08-04T09:33:07+00:00
62,jongam,Team jongam,pai,1202.661452113586,Policy Capability Score,zoib,0.4185306388418221,Average Distance Between At-Fault Incidents,0.4185306388418221,avg_dist_between_incidents_at_fault,1.838531458535266,Distance to GT Trajectory,1202.661452113586,1202.661452113586,w8-bf16-lm-head-20260818-v2,e3e63eda-7e83-4f5c-96b6-ffb46f58285a,SUCCEEDED,,direct-p5,2026-08-18T16:14:40+00:00
63,alpain-autonomy,Alpain Autonomy,pai,1218.7933081598228,Policy Capability Score,zoib,0.30069443447640193,Average Distance Between At-Fault Incidents,0.30069443447640193,avg_dist_between_incidents_at_fault,2.5167081219851815,Distance to GT Trajectory,1218.7933081598228,1218.7933081598228,transfuser-v8,e3e00fd1-5212-44d7-a8cd-981923282114,SUCCEEDED,,direct-p5,2026-08-05T08:40:37+00:00
64,foxconn-eason,foxconn-eason,pai,1196.6766526143902,Policy Capability Score,zoib,0.4294925297220088,Average Distance Between At-Fault Incidents,0.4294925297220088,avg_dist_between_incidents_at_fault,1.9878399368672695,Distance to GT Trajectory,1196.6766526143902,1196.6766526143902,brake-holdstop-v1,524e660e-ac6c-43ae-a044-4349ac29c13c,SUCCEEDED,,direct-p5,2026-08-06T00:39:09+00:00
65,crow,CROW,pai,1179.2924391293718,Policy Capability Score,zoib,1.523156354138741,Average Distance Between At-Fault Incidents,1.523156354138741,avg_dist_between_incidents_at_fault,1.530259330336758,Distance to GT Trajectory,1179.2924391293718,1179.2924391293718,aerodynamic-crow,6e489d46-4f13-4218-a41a-d9da0b44bff3,SUCCEEDED,,direct-p5,2026-08-28T13:32:09+00:00
66,metamon,메타몽,pai,1226.2165337004226,Policy Capability Score,zoib,0.21229197077245338,Average Distance Between At-Fault Incidents,0.21229197077245338,avg_dist_between_incidents_at_fault,2.2557650888765153,Distance to GT Trajectory,1226.2165337004226,1226.2165337004226,vavam-soft-route-cudagraph-v6-20260715,434a93f3-cf5b-445e-b858-9b1755350b77,SUCCEEDED,,direct-p5,2026-07-15T06:57:06+00:00
67,simforge-synthetic,Simforge AI,pai,1182.520876681621,Policy Capability Score,zoib,0.7354464171903203,Average Distance Between At-Fault Incidents,0.7354464171903203,avg_dist_between_incidents_at_fault,1.9486536215767667,Distance to GT Trajectory,1182.520876681621,1182.520876681621,sub-20260816a,bc3078c1-f67c-4560-a28f-65ab5f21ed32,SUCCEEDED,,direct-p5,2026-08-16T22:08:09+00:00
68,miss-jetson,missjetson,pai,1192.8118791499528,Policy Capability Score,zoib,0.5879303410026677,Average Distance Between At-Fault Incidents,0.5879303410026677,avg_dist_between_incidents_at_fault,2.056820571738513,Distance to GT Trajectory,1192.8118791499528,1192.8118791499528,onevl-1,adb8420e-ea74-4ba8-9782-9aded354d4bc,SUCCEEDED,,direct-p5,2026-08-19T09:14:38+00:00
69,team-zyt,ZYT,pai,1187.8513574998003,Policy Capability Score,zoib,0.4300607443674753,Average Distance Between At-Fault Incidents,0.4300607443674753,avg_dist_between_incidents_at_fault,2.030044091304484,Distance to GT Trajectory,1187.8513574998003,1187.8513574998003,test_0820_140k,09c3e124-2958-4173-aaca-73ffb2a49563,SUCCEEDED,,direct-p5,2026-08-20T13:10:07+00:00
70,alpain-autonomy,Alpain Autonomy,pai,1184.61367725115,Policy Capability Score,zoib,0.33683427162096674,Average Distance Between At-Fault Incidents,0.33683427162096674,avg_dist_between_incidents_at_fault,2.055943338141139,Distance to GT Trajectory,1184.61367725115,1184.61367725115,transfuser-v0-fullbc,368cf7b3-2be6-404c-a0a1-8149bebc26c8,SUCCEEDED,,direct-p5,2026-07-31T16:52:04+00:00
71,alpain-autonomy,Alpain Autonomy,pai,1188.9959998287122,Policy Capability Score,zoib,0.3063138496664245,Average Distance Between At-Fault Incidents,0.3063138496664245,avg_dist_between_incidents_at_fault,2.619394611900367,Distance to GT Trajectory,1188.9959998287122,1188.9959998287122,transfuser-v5,0d5b8cbf-2896-4ac6-a8ec-9db6da363ac7,SUCCEEDED,,direct-p5,2026-07-31T12:51:05+00:00
72,magma,Team Magma,pai,1162.0041011672924,Policy Capability Score,zoib,0.41561404629348764,Average Distance Between At-Fault Incidents,0.41561404629348764,avg_dist_between_incidents_at_fault,1.6950978542623187,Distance to GT Trajectory,1162.0041011672924,1162.0041011672924,AAC-62273d3,ff14a785-613e-4da9-8f2d-89bb91e1857c,SUCCEEDED,,direct-p5,2026-08-04T10:38:36+00:00
73,team-alxpng,Team Alex,pai,1184.8113760140475,Policy Capability Score,zoib,0.37989238109960993,Average Distance Between At-Fault Incidents,0.37989238109960993,avg_dist_between_incidents_at_fault,2.0622147059832274,Distance to GT Trajectory,1184.8113760140475,1184.8113760140475,sting_like_a_beemer,bb1ade4d-3a72-4cdb-b08c-16a11c3d192f,SUCCEEDED,,direct-p5,2026-08-18T11:26:39+00:00
74,py123d-garage,py123d-garage,pai,1151.363998425833,Policy Capability Score,zoib,0.5237387873675459,Average Distance Between At-Fault Incidents,0.5237387873675459,avg_dist_between_incidents_at_fault,1.155367427685403,Distance to GT Trajectory,1151.363998425833,1151.363998425833,006-pai-0014-v5,02767d32-92b9-4e1b-845c-0d5d2ea5b4c0,SUCCEEDED,,direct-p5,2026-08-28T20:24:10+00:00
75,alpain-autonomy,Alpain Autonomy,pai,1140.6263307864124,Policy Capability Score,zoib,0.30067106363984886,Average Distance Between At-Fault Incidents,0.30067106363984886,avg_dist_between_incidents_at_fault,1.7356695753349716,Distance to GT Trajectory,1140.6263307864124,1140.6263307864124,transfuser-v0-decbc,75cdb21e-199a-4c7b-97cc-caf2ffb3944a,SUCCEEDED,,direct-p5,2026-08-01T18:30:38+00:00
76,magma,Team Magma,pai,1156.1218509204614,Policy Capability Score,zoib,0.20712612314251663,Average Distance Between At-Fault Incidents,0.20712612314251663,avg_dist_between_incidents_at_fault,2.184540844974759,Distance to GT Trajectory,1156.1218509204614,1156.1218509204614,AVA-78562a8,8febe823-ecf2-4636-8417-5810a9b28799,SUCCEEDED,,direct-p5,2026-07-31T18:02:05+00:00
77,team-zyt,ZYT,pai,1138.9190009192027,Policy Capability Score,zoib,0.5494070255976182,Average Distance Between At-Fault Incidents,0.5494070255976182,avg_dist_between_incidents_at_fault,2.046935190116194,Distance to GT Trajectory,1138.9190009192027,1138.9190009192027,test_0820_75k,f4d65c5b-8077-4f2b-b211-ddb52c09c913,SUCCEEDED,,direct-p5,2026-08-20T12:41:08+00:00
78,host,Host,pai,1145.5592918886864,Policy Capability Score,zoib,0.2775942585363429,Average Distance Between At-Fault Incidents,0.2775942585363429,avg_dist_between_incidents_at_fault,2.3833903421894385,Distance to GT Trajectory,1145.5592918886864,1145.5592918886864,policy2,26a3c3de-edb1-4333-8bfc-0a8fde2dc155,SUCCEEDED,,direct-p5,2026-06-16T00:14:40+00:00
79,team-alxpng,Team Alex,pai,1142.3675458865,Policy Capability Score,zoib,0.18561480991234672,Average Distance Between At-Fault Incidents,0.18561480991234672,avg_dist_between_incidents_at_fault,1.8833853152069835,Distance to GT Trajectory,1142.3675458865,1142.3675458865,route-follower-v2,c04536fd-0541-4937-9908-136e46e5370a,SUCCEEDED,,direct-p5,2026-07-21T08:19:36+00:00
80,py-test,py-test,pai,1118.4437337680163,Policy Capability Score,zoib,0.3401269209399516,Average Distance Between At-Fault Incidents,0.3401269209399516,avg_dist_between_incidents_at_fault,1.6807933084898317,Distance to GT Trajectory,1118.4437337680163,1118.4437337680163,e2e-cot-003,ce4d59e5-f3f7-42c9-ad57-e8e444f4052a,SUCCEEDED,,direct-p5,2026-08-17T04:12:08+00:00
81,alpain-autonomy,Alpain Autonomy,pai,1120.7025957136682,Policy Capability Score,zoib,0.31699313017706565,Average Distance Between At-Fault Incidents,0.31699313017706565,avg_dist_between_incidents_at_fault,1.8646601708706985,Distance to GT Trajectory,1120.7025957136682,1120.7025957136682,transfuser-v4-3k,fdc3e0ba-368a-482a-bb31-04afe461b3de,SUCCEEDED,,direct-p5,2026-07-28T11:23:38+00:00
82,team-alphamale,ILoveAlpamayo,pai,1144.7892300760018,Policy Capability Score,zoib,0.18258073780328796,Average Distance Between At-Fault Incidents,0.18258073780328796,avg_dist_between_incidents_at_fault,2.884344664319294,Distance to GT Trajectory,1144.7892300760018,1144.7892300760018,draftmix-30k-unbalanced,21e9758f-20cd-4547-a067-415d98390212,SUCCEEDED,,direct-p5,2026-07-31T14:22:05+00:00
83,team-alphamale,ILoveAlpamayo,pai,1140.4983152527254,Policy Capability Score,zoib,0.17487019467839,Average Distance Between At-Fault Incidents,0.17487019467839,avg_dist_between_incidents_at_fault,2.8319729992654477,Distance to GT Trajectory,1140.4983152527254,1140.4983152527254,draftmix-30k-unbalanced,9b5a8283-14f7-4db6-b9d5-11f9101904d8,SUCCEEDED,,direct-p5,2026-07-31T15:22:05+00:00
84,miss-jetson,missjetson,pai,1130.0325671829512,Policy Capability Score,zoib,0.2256780241989283,Average Distance Between At-Fault Incidents,0.2256780241989283,avg_dist_between_incidents_at_fault,2.964646558983933,Distance to GT Trajectory,1130.0325671829512,1130.0325671829512,onevl-2-inf120,c83e9879-49b4-47df-ac72-31b6f30f478c,SUCCEEDED,,direct-p5,2026-08-19T15:14:09+00:00
85,alpain-autonomy,Alpain Autonomy,pai,1118.2229143023392,Policy Capability Score,zoib,0.21667130725842276,Average Distance Between At-Fault Incidents,0.21667130725842276,avg_dist_between_incidents_at_fault,2.563488123509468,Distance to GT Trajectory,1118.2229143023392,1118.2229143023392,transfuser-v2,10d6bbaa-0138-44b9-918f-0841d17e43f6,SUCCEEDED,,direct-p5,2026-07-21T12:14:38+00:00
86,team-alxpng,Team Alex,pai,1102.8365892265263,Policy Capability Score,zoib,0.16158317964673038,Average Distance Between At-Fault Incidents,0.16158317964673038,avg_dist_between_incidents_at_fault,2.3986807435622377,Distance to GT Trajectory,1102.8365892265263,1102.8365892265263,vavam-ours-1024-r1,671f5e48-b99a-471b-b35e-8d79ecfe4f71,SUCCEEDED,,direct-p5,2026-07-29T07:31:08+00:00
87,axe,AXE,pai,1072.6394225818563,Policy Capability Score,zoib,0.5231298973473069,Average Distance Between At-Fault Incidents,0.5231298973473069,avg_dist_between_incidents_at_fault,1.7055374128935914,Distance to GT Trajectory,1072.6394225818563,1072.6394225818563,axe-v5,1b10d542-2d4e-4fa6-8b04-0217cd91332f,SUCCEEDED,,direct-p5,2026-08-11T05:49:39+00:00
88,axe,AXE,pai,1064.371970268931,Policy Capability Score,zoib,0.47622948383661895,Average Distance Between At-Fault Incidents,0.47622948383661895,avg_dist_between_incidents_at_fault,1.73047058856016,Distance to GT Trajectory,1064.371970268931,1064.371970268931,axe-v6,57e20f5f-83b1-4f87-975c-0c07c9c5f468,SUCCEEDED,,direct-p5,2026-08-20T03:05:08+00:00
89,team-basiclab,BASICLAB,pai,1072.3541066871392,Policy Capability Score,zoib,0.31206963897344564,Average Distance Between At-Fault Incidents,0.31206963897344564,avg_dist_between_incidents_at_fault,2.071333930055081,Distance to GT Trajectory,1072.3541066871392,1072.3541066871392,nimbus-v4,f9b0f312-19ab-4bb2-910e-d403fa18565c,SUCCEEDED,,direct-p5,2026-07-31T12:34:41+00:00
90,team-basiclab,BASICLAB,pai,1071.6335463549526,Policy Capability Score,zoib,0.29363781611401274,Average Distance Between At-Fault Incidents,0.29363781611401274,avg_dist_between_incidents_at_fault,2.1371166303245324,Distance to GT Trajectory,1071.6335463549526,1071.6335463549526,nimbus-v5,5d28576d-ac55-4879-b17c-82be7962d3f8,SUCCEEDED,,direct-p5,2026-08-01T13:22:11+00:00
91,alpain-autonomy,Alpain Autonomy,pai,1084.217442600473,Policy Capability Score,zoib,0.19271093957043345,Average Distance Between At-Fault Incidents,0.19271093957043345,avg_dist_between_incidents_at_fault,2.3371804028622405,Distance to GT Trajectory,1084.217442600473,1084.217442600473,transfuser-v3,6c371f70-d873-4898-ac4a-f423f4b59519,SUCCEEDED,,direct-p5,2026-07-23T11:11:04+00:00
92,alpain-autonomy,Alpain Autonomy,pai,1064.5324818386805,Policy Capability Score,zoib,0.43218828421162103,Average Distance Between At-Fault Incidents,0.43218828421162103,avg_dist_between_incidents_at_fault,1.7454774444968075,Distance to GT Trajectory,1064.5324818386805,1064.5324818386805,transfuser-v7,35a61b0d-6fd8-4235-b106-777a77075308,SUCCEEDED,,direct-p5,2026-08-03T21:09:38+00:00
93,alpain-autonomy,Alpain Autonomy,pai,1068.4484321968607,Policy Capability Score,zoib,0.21515058694945338,Average Distance Between At-Fault Incidents,0.21515058694945338,avg_dist_between_incidents_at_fault,2.4045329082772255,Distance to GT Trajectory,1068.4484321968607,1068.4484321968607,transfuser-v1,0bf4a895-2e69-4fde-b5ef-edbc215868c1,SUCCEEDED,,direct-p5,2026-07-03T09:32:09+00:00
94,cothlory,Cothlory,pai,1043.2124852911952,Policy Capability Score,zoib,0.33999015504630725,Average Distance Between At-Fault Incidents,0.33999015504630725,avg_dist_between_incidents_at_fault,1.8674203281849824,Distance to GT Trajectory,1043.2124852911952,1043.2124852911952,pai-route-speed-v3-fix17-fast-m1-20260803,8e36f665-1918-4732-ae90-aea3a599d89c,SUCCEEDED,,direct-p5,2026-08-03T06:21:06+00:00
95,axe,AXE,pai,1039.1348505739938,Policy Capability Score,zoib,0.2875060875019416,Average Distance Between At-Fault Incidents,0.2875060875019416,avg_dist_between_incidents_at_fault,1.7406890378415807,Distance to GT Trajectory,1039.1348505739938,1039.1348505739938,axe-v4,7142c152-bdd3-4783-a35e-3ba1b4335102,SUCCEEDED,,direct-p5,2026-08-11T03:49:07+00:00
96,team-alphamale,ILoveAlpamayo,pai,1052.8019503485584,Policy Capability Score,zoib,0.14540932131753478,Average Distance Between At-Fault Incidents,0.14540932131753478,avg_dist_between_incidents_at_fault,3.0587119970188628,Distance to GT Trajectory,1052.8019503485584,1052.8019503485584,r2bal-best006,15f475c6-e80b-4b1c-b5be-b1a59afc2926,SUCCEEDED,,direct-p5,2026-07-31T15:51:04+00:00
97,fyrian-migu,Fyrian-Migu,pai,1019.0965835537398,Policy Capability Score,zoib,0.39013989573510716,Average Distance Between At-Fault Incidents,0.39013989573510716,avg_dist_between_incidents_at_fault,1.565530319493501,Distance to GT Trajectory,1019.0965835537398,1019.0965835537398,pai-v04c-clean-20260722-r1,7b87ab68-5c2e-406b-a89b-f31afdf9642c,SUCCEEDED,,direct-p5,2026-07-22T16:33:38+00:00
98,alpain-autonomy,Alpain Autonomy,pai,1021.4432755483111,Policy Capability Score,zoib,0.3465942445856736,Average Distance Between At-Fault Incidents,0.3465942445856736,avg_dist_between_incidents_at_fault,1.4222981400047081,Distance to GT Trajectory,1021.4432755483111,1021.4432755483111,transfuser-v0,fd6220d2-ceb3-4b69-94e3-5d2617b343a3,SUCCEEDED,,direct-p5,2026-07-21T18:55:08+00:00
99,team-andrew-fox,Team Andrew S,pai,1033.1310840006884,Policy Capability Score,zoib,0.11426930746006789,Average Distance Between At-Fault Incidents,0.11426930746006789,avg_dist_between_incidents_at_fault,2.302444393527752,Distance to GT Trajectory,1033.1310840006884,1033.1310840006884,fix6-leadbrake,24ef4621-e7de-422e-9a7c-b8968aa3c715,SUCCEEDED,,direct-p5,2026-07-31T16:07:34+00:00
100,crow,CROW,pai,999.8532931372997,Policy Capability Score,zoib,0.2016465859216964,Average Distance Between At-Fault Incidents,0.2016465859216964,avg_dist_between_incidents_at_fault,1.8605838901968113,Distance to GT Trajectory,999.8532931372997,999.8532931372997,investigative-crow,aeb6b718-aeda-47bd-a6ce-61ff50dcfc21,SUCCEEDED,,direct-p5,2026-07-31T16:24:35+00:00
